"id.exposure","id.outcome","method","nsnp","b","se","ci_low","ci_upp","pval","steiger_filtered","outlier_filtered"
"eqtl-a-ENSG00000106692","ukb-d-C_LYMPHOMA","Wald ratio",1,-0.00196938821846583,-0.00196938821846583,0.0018906126897272,-0.00582938912665887,0.5,FALSE,FALSE
"eqtl-a-ENSG00000106692","ukb-d-C_LYMPHOMA","Wald ratio",1,-0.00196938821846583,-0.00196938821846583,0.0018906126897272,-0.00582938912665887,0.5,FALSE,TRUE
"eqtl-a-ENSG00000106692","ukb-d-C_LYMPHOMA","Wald ratio",1,-0.00196938821846583,-0.00196938821846583,0.0018906126897272,-0.00582938912665887,0.5,TRUE,FALSE
"eqtl-a-ENSG00000106692","ukb-d-C_LYMPHOMA","Wald ratio",1,-0.00196938821846583,-0.00196938821846583,0.0018906126897272,-0.00582938912665887,0.5,TRUE,TRUE
